wataraimao,21
xiao-yu-bao-er,36039
xi-xi-60-7,2
yan-cheng-he-90,1
zhuzaj,0
leng-dong-xue,41
yu-wei-mo-30,102
jiu-a-ge-10,0
gu-wen-wen-49,2
zhao-xuan-70-43,2
gang-gang-v-26,44
adrian-ho-87,12
shu-yun-bao-bao-bu-pa-bu-pa,26
xxx-46-23,1
pan-ye-qiong,1
song-ke-ai-57,0
connie-73-77,0
fei-po-18-85,0
wang-dong-yu-da-wang,30
ye-yan-yuan-ying-68,44
jin-ye-58-91,4
su-mo-yi-8-80,6
wo-ai-de-shao-nian-shi-qi-pa,4
guan-zhu-liao-yige-hun-lian-wang-zhi-hou,154
cui-cui-80-12,17
chao-ji-wu-di-xiao-gong-zhu,290
zhong-shi-xi-qu,16
sherry-nnnn,1
kenneth-93-72,0
huang-ye-14-35,4
liu-mei-dan-7,86
yang-chen-16-39-79,36
kawazoeS,6
yiqun-wang-41,3
niuniuzuibang,0
fei-fei-73-68-90,23
blink-74,6
gu-yue-40-47,4
mr-rabbit-60,1
callmefree,140
