libuhui1997,1429
hun-shen-xian-nu-wei-69,0
chen-zhuo-lin-95-57,2
zuo-zou-34,2
ai-chi-yu-de-mao-3,2
zhang-wen-49-79,24
jian-fei-hao-tong-ku,17
xi-ge-96-59,85
ni-mi-80-57,1
huang-xing-xing-57-56,4
ppp-24-32,4
wang-li-69-40,6
mei-shao-nu-de-si-ji,1
star-18-31,1
zgyx,1
fei-fei-12-38,58
liu-shu-fa-ya-67,0
dao-mi-78,0
suyaosheng,1
luo-shan-60-87,0
sa-sa-73-29,0
li-li-34-79-31,17
zhong-sheng-75-90,0
xintonguuuu,1
jiab-zou-87,76
zhang-guang-yun-89,0
lan-se-feng-ling-12,63
tian-lei-hong-hong,110
xiao-duan-tui-92-34,2
nice-gun,3
daJuanJuan,24
luo-yue-83-27,0
wu-hao-min-65,4
sa-sa-99-13,34
csd-64,21
li-qiu-12-37,2
nan-nan-39-17,0
lin-shan-shan-29-25,0
liu-yin-yu-57,82
mengfanqi,1
