qi-xie-jun-81,0
ru-guo-yun-zhi-dao-28-50,0
partiality,10
la-la-la-la-la-87-72-38,0
dao-de-tian-zun-80,17
ai-qia-ku-yi-wo-wo-wo,0
liu-huan-5-85-62,1
tang-zheng-yang-68,2
shiyishi-yi-86,0
rong-y-71,0
wu-miao-79-60,0
wang-gou-dan-67-93,2
ng-vc,0
shen-lin-36-65,0
ting-shuo-zhu-47-84,0
wei-ling-fei-84,32
yu-qian-83-12,0
zheng-qin-yuan-73,0
lue-lue-lue-48-56-38,0
li-yu-xiao-76,1
an-zhi-47-31,0
zhang-si-tan-34,0
duo-ming-28,0
xiao-chou-25-44-81,0
zhao-yi-fei-24,1
zuo-shou-ji-ta,0
mei-mu-si-qing-he,0
xi-wai-ge-ge-de-xiao-mi-mei,0
xiong-ying-38-4,0
kzwwi,0
meng-meng-da-he-meng-da-da,0
miao-miao-89-32-30,0
xxb-53-43,1
duan-qing-75,0
ycx-88-33,0
supportmt,1
quin-33,0
wang-zhong-wang-78-81,0
zi-ya-han-li,0
fei-bu-si-ta-75-36,0
rinqi,0
fa-yi-da-ren,16
hua-ming-xiu,0
yang-shi-da-10,0
xi-ri-wan-an,112
zheng-ke-yu-76,4
cao-jin-qi,11
huweicai,2
ppl123456-26,0
shu-tong-67-66,0
yi-xuan-15-2,0
si-shui-liu-nian-50-86-23,0
ya-ya-49-65-77,0
xing-wei-ang-ran,0
luo-luo-35-96-62,0
er-shi-san-78-19,4
nao-nei-you-hai-yang-de-shao-nu,0
gu-ke-huang-shan-piao,20
bi-bo-nu-you-60,0
bi-tian-ru-shui-ye-yun-qing-44,0
qiao-jiu-jiu-jiu,0
jin-qing-shi-23,0
wei-wei-58-7-75,1
griliweth,0
qi-yue-lu-ying,1
shu-chi-26-81,1
you-dian-jin-zhang-16,0
ke-da-ya-90-19,0
ian-31-39-63,0
ttt-87-8,0
hshhd-71,0
wii-wo-huan-you-jiu,11
sun-yue-79-21,0
chu-tian-yi-ke,0
yizhong-di-yigao-bi-ge,10
jiang-chai-51,0
kevin0228,4
du-gu-dong-zhu,2
wu-kong-w-6,0
hotcuiwei,1
