dong-gua-xiao-gua,0
wei-wang-41-77,0
gu-yu-han-shuang-bai,3
lin-bing-36-11,3
shuai-ge-16-82,0
andthe-n,1
an-dong-ni-70-77,46
chen-ke-61-52,0
di-hao-9,36
moliang,31
lu-yi-fei-70,0
liu-ying-99-95,0
gu-zhun-44,2
moooomo-ji,0
liu-jin-wen-90,1
deng-yan-qing-16,1
shi-qi-50-46,5
huo-xing-ren-arthur,0
san-ji-da-ren-1,1
huang-fei-hong-5-51,6
meng-yin-80-35,0
xia-tian-73-34-32,0
huang-hai-bo-23-41,34
jiang-nan-34-18,3
42gear,0
olsony,0
liu-wei-31-94,0
ylteng-45,1
shang-an-xing-zou-de-yu-33,0
qi-ye-93-21,5
ma-yi-cheng-28,2
reuben,7
chen-chen-chen-51-61-24,1
lu-bo-58,2
siyin-yang,0
bao-shi-long,6
li-ji-fu-83,0
ai-mu-pao-se-bao,0
zhang-xin-jian-65-15,82
mi-guo-3-99,0
di-su-fu-su,0
zhang-wen-tao-30,1
wenzhe_wang,5
zhang-xiao-yu-73-81,0
lee-xiao-68,8
wei-wei-92-96-49,31
xi-yue-55-50,0
jin-shi-zi-82,4
li-kai-37-21-25,44
xi-ni-73-51,0
li-yi-zhang-54,123
ke-lu-19,12
runninghack,44
niu-ben-2,0
wang-tao-92-42-37,0
jia-ling-feng-88,0
may-99-52-4,0
xu-rui-qi-84,33
yu-nian-zhu-18,0
marco-huang-31,0
717841,103
josephinafrica,10
tian-shan-guai-lu-zi,0
zhenghanfeng,12
cao-pei-46,3
hu-zong-xian-45,18
tang-qing-wen,2
mingzi_Z,21
arbaon,0
nan-gua-dou-zi,5
xu-xing-38,0
yao-yao-44-49-5,0
cubtah,1
xingrui-dong,3
kou-kou-ge-da,35
wedgwood,23
di-guo-hua-ji-tuan-can-shang,0
rydia,607
lin-heng-chao,2
wang-xiao-yao-49,52
keith-keith-87,103
wei-xiao-jie-93,0
qi-xin-tian-yun-fei,131
nan-de-hu-tu-19-75,4
shen-wen-wu-24,0
hua-dong-48-51,0
xia-ming-54,1
zi-yi-wei-fei-13,42
liu-hua-73-44,21
li-guan-tou-54,5
zhou-ling-feng-92,5
marierose-26,1
gu-luo-ma-de-nan-hai,297
he-bing-86,248
jia-kai0717,0
zhou-wei-long-60,4
du-tian-he-12,2
duo-duo-15-92,22
house-48,5
carlxia,56
shi-da-kai-hou-ren,2
you-ya-yun,28
xukf,14
