geniusjuan-er,5
me-fbs,0
chen-guang-55,36288
jiu-jiu-jiu-jiu-jiu-31-6,1
xun-mi-39-39,0
chen-xiao-jie-57-91,1
y-lh-36,0
george-lu-42,1
zhu-yan-46-72-22,0
a-chuan-187,3
ling-hun-you-xiang-qi-13,0
chen-wei-70-99-47,0
zbbznn521,2
moi388,48
shi-kou-jian,7
xiao-qiang-77-54,27
lzhong,30
kerry-ti,58
zhang-fu-yi-47,3
zhang13,23
wang-xiao-hui-55-36,1
qingpei,561
zhang-li-peng-81,9
xiao-hou-zi-51-88,0
emily-53-80-61,0
ma-jia-56-91,0
miu-63-64,1
qian-jun-ye,261
yang-liu-18-98,6
liu-xiao-bao-89,4
wueiz,16
oldbeckham,9
ou-ni-13-45,0
zhi-hao-yu,432
zhang-xiao-fan-18-82,14
li-xian-long-56,2
ceng-wei-17-14,1
brandon-lu,25904
yan-guo-liang-97,0
hui-fei-de-xing-xing-3,1
wang-hui-53-47,114
hu-jun-yan-47,11
jiang-xiao-dong-stat,7
zhang-xiao-dong-39-62,20
zhou-ke-95-12-51,0
lan-mao-yao-dou-dou,0
lumkiss,16
bei-tian-huang-zhao,7
da-pang-80,2
wang-shi-58-36,2
sususuperneng,158
arthur-w,19
eric-liao,10
wang-yue-kun-15,0
ceng-zi-yong,3
zhang-xi-yi-79-95,0
jiang-xin-10-75,0
ru-yiru-yi,0
xiao-dai-48-85,6
shen-lin-jie-76,26
cloudc2011,1
li-fei-03-27,9
han-yi-13-98,0
ben-xiao-hai-47-72,12
tina-83,3
xiao-fan-qie-32-61-74,0
leonoD,0
song-he-zi-44,10
nevins-lj,3
liu-yu-77-31,6
nan-yi-52-5,0
fan-fan-98-98,11
sophia-9-30-7,0
zhu-yan-82-7,38
huang-ben-ben-43,0
yonglandemao,0
alex5956,18
ha-lou-69-75,10
suo-zi-jia,1
chen-qing-5-74,3
kuai-le-9-97,1
peng-chao-45-40,7
li-e-e,1
danielzhu-89,3
liu-tian-65-93,7
qiao-wu,7
zhang-lang-e-ba-1,0
yang-ke-16-65,9
tan-hao-tommy,29071
wang-wen-mian-10,13
ling-hun-zai-beng-da,3
mu-ma-ren-890,74
zhang-liang-yu-34,41
zhu-yan-66,6
yang-jing-tao-10,28
zhu-ying-xi,66
li-jia-tuo-39,3
captain-58,463
shi-jing-di,22
nai-nai-mi-20,0
li-hao-74-22,37
cang-ao-6,0
gongtou-28,3
tan-lin-17-55,0
westlakefox,0
bu-zhi-dao-39-50,95
christineeeeee,0
wusongdalaohu,24
tsechunfung,30
autodealerhome,2495
liang-amy-93,8
miao-liao-ge-mi-28-14,0
hen-ji-wei-wei,1
wang-jin-yu-37,45
meng-meng-11-93,0
miao-miao-yidao,0
fu-guo-zhong,2
cheer-42,0
hei-xian-sheng-ye-wan-zou-zou-ting-ting,0
feng-si-yu-79,0
lan-du-23-71,2
ge-bin-62,9
su-wei-cong-25-37,4
xin-kuang-yi,1
hei-mao-jing-chang-20-51,1
lin-yuan-xin-58,1
hai-mian-69-1,2
mazhihang,16
wang-shuai-33-39,7
xi-yan-96-3,1
hu-yan-zhuo,35
sujx,4695
yu-ai-shang-kong-que,0
he-chang-hao-79,14
han-rui-34-86,1629
qing-ren-jie-xin-xin,10
wang-jun-shan-64,1594
li-mei-yuan-28,1
zhang-zhang-34-12,15
jing-xing-6-91,4
tang-mu-70-81,335
hu-er-60-49,1
qiang-qiu-desire,5
lian-xiao-tong,357
gan-gen-qi,2
ding-snake,2
zhang-wa-xin-7,0
yi-feng-38-88,2
Lzwhuohuo,3
135vov6960,5
wei-ge-22-35,3
liu-yang-61-85,3
xing-kong-56-30,0
long-juan-feng-52-38,1
quanmaibreadv5,108
xi-huan-he-niu-nai-de-mao-bei-bei,2
zhen-shen-61,2
chen-yan-19-51,6493
yu-lei-87-15,0
wang-bo-tao-39,0
cynthia-91,4
wen-jie-73,2
wenlon-shaw,2
sun-deng-yang,0
mu-xiao-xi-64-95,1
zhan-hua-wen,1
gu-meng-lei-49,5
xiayuwen91,0
xiao-ming-ming-90-65,1
kie-jac-70,0
guo-xiao-a-64,6
bill-bill-70,3
su-liu-guang-77,0
hong-xiao-dou-21,1
jason-lok-78,0
dong-hong-da,6
li-yue-93-33,0
mo-li-moli,0
irene-gao-15-4,4
cui-xiao-ya,2
xiao-yan-81-67-19,1
app-pcauto,5
zhou-ying-bo-65,1
yezhikunking,9
bu-zhuo-feng-de-gu-niang,18
wu-kong-94-51,0
eric-ren-16,0
zhang-xiao-bai-53-34-19,1
xiao-se-feng-ning,3
Stephanieieieie,6
xu-jia-he-26,0
zhang-yan-31-44,1
sun-sun-9-80,0
cheng-si-jia-97,0
chu-xuan-57,1
aspirin-sun,0
huang-an-ni-82,1
mi-mi-mimi-1126,1
li-zi-28-14,1
xu-wei-guo-72,1
he-hui-min-10-55,0
ceng-yu-8-13,4
xiao-qlao-shi,0
zao-hong-hong,4
xie-han-feng-71,104
xi-er-ai-li-39,38
la-la-la-la-la-la-69,1
dong-fei-fei-77,1
bixing-yan,66
x.s.forever,3
song-li-juan-95,2
tang-tang-li-zhi-zuo-cai-nu,4
joannachan,0
tooine-ta,2
tian-xi-72,3
xingyu-lu-32,0
long-wu-6,1
connie-connie-92,0
tang-hua-46-63,0
xiao-ming-1-38,0
wang-nan-62-12,3
shilai-fu-dao,2
mou-dao-zhi,0
chen-xiao-yi-71-31,24
he-tian-zhuo,0
bu-ba-ba,3
song-nuo-65-62,2
su-xiao-bai-50,0
duan-jiang-36,0
wang-jia-wei-84-51,0
ker-shuang,9
a-e-98-22,6
kitty02120,0
jing-xiao-jia,2
wu-dong-ying-55,3
qin-tong-xue,0
wen-wen-ww,0
jiali-pan-1,1
jing-zi-23-50,2
kevin-thor,2
xi-xi-25-54,0
zuo-mr,1
li-jian-32-42,1
xu-xiao-ying-1,0
mmer-su-75,0
shijuan-juan,0
a-li-1,7
xiao-ma-gu-niang,7
ran-li-80,2
zhu-bao-zhu-21,0
zhao-xin-78,64
er-duo-gui,2
gao-mao-er,0
ka-pei-3-60,1
duan-xian-89,1
lu-yang-58-4,7
jessiezz,4
tao-ji-91,1
dong-wen-39,4
zhang-hua-2-6,0
xiao-jiang-61,3
liu-mou-mou-75,3
huang-zhen-yue-9,2
Alan99,3
hu-rong-rong-53-29,7
wen-bao-bao-72,0
hanhanwang,17
su-si-huang,62
sarah-long-87,3
qing-feng-85-85,0
amy-fu-52,2
quan-xiao-hei,0
chen-xi-38-65,0
huang-wen-xia-15,3
xian-xian-6-98,5
yan-bei-42,0
bao-ling-long,3
mu-yang-forever,4
jin-rui-54,0
li-wen-shuang,22
autooption,87
shi-tou-95-38,3
wu-june-82,5
chen-chen-9-23-72,0
shunny,37
ymt,4
zhou-jing-25-83,5
cui-jian-20-21,3
yang-xiao-hei-74,1
qiao-qiao-zhuang-da-ban,1
sun-wei-69-66-74,2
xiaoyi-han,5
summer-zhou-36,9
jin-niu-66,1
lu-ming-yin-7,3320
xiao-hong-87,3
eugene-lin,1
cai-hua-9,2
cui-da-mao-86,3
a-mi-da-9,2
cheng-guo-7-64,2
feng-yu-25-5,0
flora711,0
liu-echo-25-37,0
li-lu-lin,9
wang-yuan-28-20,10
zhang-xin-1-47,0
wu-ji-92,1
lu-xi-xi-91-47,48
zhu-a-fei-fei,2
huang-cici-18,4
wen-yu-75,6
qing-jiu-jiu-92,1
mo-gua,3
lan-hua-hua-1,0
qq-qq-30,12
cai-yu-21,2
wangpengyu,105
li-jia-bao-95-99,3
qin-ling-yi-56,0
xiang-xin-99,5
liu-xiao-fei-66,1
nancywei-22,10
da-mao-54,0
duan-duan-40,0
huxi-22,4
qi-kui-kui,16
mei-xi-xi,9
zhang-san-shui-32,8
zhang-san-91-71,26
cao-cao-39-64,0
ma-zhu-65-91,25285
xiao-song-98,4
peng-ting-33,0
chai-wen-wen-31,6
daiyongchen,40
calliope-zhou,2
xiao-luo-40,3
zhang-xue-zhu-92,0
dia-drunk,2
guang-li-60,1
xiao-sharexiao,19
yan-dong-42-82,12
shi-shan-67-85,1
qiu-ting-ting-26,4
xiao-feng-49-36,3
lin-jing-63-50,0
dai-qiao-ming,17
li-yan-ning,1
summer-zhou-43,1
mo-ju-zi,1
shenwei007,322
chen-gua-gua-91,3
niu-dong-hao,0
gu-jia-nan-8,1
ruixinxu,10
qing-yi-su-xin,0
fang-cheng-2,0
an-an-io,8
wang-rui-70-12,0
shou-ding,4
xi-li-47,6
