calistawang,72978
cang-shu-laq-12,56607
sun-wei-yi-43,43
wang-rui-en,287780
chen-da-nao-54-12,3543
wan-ling-shu,283
li-yin-he-25,185384
kiwiiii,25339
bo-liang-43,5347
qing-guo-ji-yang,21
momochen1,6153
lunayayaya,5176
zhu-qiu-jie-41,60809
yang-yixia,40801
chang-yi-80-61,38568
cai-peng-13,2
liximo-GBP,116256
emma-48-71,81331
chen-chang-59-7,42490
greenxxoo,58680
zuasia,2798
guai-sa,5500
phoenix-tee,27737
wendy-wen-7,40726
wangnuonuo,393880
nath9an,82
qi-mo-51-38,14313
lkh2015,50628
shi-li-chun-feng-55-75,9
sophie-zhang-45,875
lu-xi-fa-45,58
warfalcon,655066
zhang-xiao-ye-76,32006
zhuang-dian-89,104733
li-sha-sha-54-65,8906
ze.ran,316190
hereweare,661
wang-de-long-32-1,4
monica-83-2,2841
CookiesNee,179983
ni-huan-qian-wo-yipian-hai-79,632
su-fei-17,421680
omarma,12430
ling-huan-5,127
passionneverrest,20595
aclef,157
mo-bei-36-25,746
nocturn,259442
wilbert.g,166697
