zhengguoqiang,117181
deng-bo-yun,74438
niu-bi-21-47,43888
shi-yidian-ban-98,100635
lu-ma-gui-1,447
ke-li-si-liang-20,8925
li-jing-20-69,80918
zhang-ran-0524,11266
feng-hong-xie-15,82562
vingo-31,2318
li-lao-shu,344539
wang-hong-hao-99,110350
binghan,243467
owwtrl,65880
coldloving,59632
johnxu,175562
cogito,295725
xiao-wu-zhu-bu-xia,54511
xiepanda,464999
ccat,411568
patrickluo,335153
alex-41-18,154020
ji-xuan-yi-9,189302
wei-si-li-82,87271
leng-zhe,290750
diao-ye,23993
hecaitou,286646
boxun,381150
