lan-qian-qia,1365
tang-meng-61-99,7200
tan-zheng-ying,64769
zhouxiaoxian,1052
bingo-liu-66,82236
zhang-gong-72-95,62466
si-fa-xin-xiang,895
chen-da-zhuang-90,9001
tan-ling-zhou-zi,235
xiang-shi-40-17,3317
ha_ha_jun,3331
BlackCloak,145339
gui-duo-da-lai-zuo,181630
zhong-guo-qi-xiang-ju,14845
wwd-6,11288
yu-chen-tian-2,6918
linjian0325,90057
mei-shi-zuo-jia-wang-gang,215971
shu-you-68,10691
gong-ke-75,9467
xue-di-76-13,520
sun-lu-66-67,69108
ning-nan-zuo-hou,9787
si-wang-54,29254
jazzrap,1540
victor-diors-guo,10316
neo-anderson-67,102468
Boyka2016,109972
xia-bb-62,23369
ao-han-chang-38,9423
wang-yuan-hui-14,15709
Odvaha,9342
xia-yuan-ding,65192
ye-si-tai-80,2687
tsiangpo,2783
LittleBallOfFur,171698
lushark,16411
ji-he-61-7,38235
xie-beng-21,186
zhijiangchuan,7522
20101081,131
pinkguor,6304
wu-jing-xin-24,2724
jiang-yuan-77,36792
jian-kang-zhong-guo,7900
chen-pei-si-13,92153
hiemsruls,48410
Dream_Riser,12945
mandelbrot-11,158621
godaye,67693
hong-cha-mo-zhu-mao,30550
chen-yi-chen-57-16,3235
han-qing,130649
coywjs,3045
hua-wu-fu-14,1
kevinchenx,3149
gu-chen-qiu,6314
jingcxingmaoche,1682
wu-suo-wei-81-18,1085
you-shan-jun-52,9084
timbernord,41374
jason-53-77-86,14771
chen-feng-bao-lie-jiu-30-67,21940
KrisLiu06,31002
kaguyasama,5591
Stjasonaapl,5493
huang-bo-tao-66,4930
xiaodaoren,397024
niu-bi-21-47,43884
gong-lu-shang-dian-ontheroadstore,81227
sme-98,205799
xiaobaojun,17742
juan-er-49-31,20547
wang-pai-jiang-jie-yuan,25965
yeshixiaoge,63974
chong-jun-90,5163
warmwine,177436
suyicon,39838
han-kun-history,29540
southwarrior,31303
