dielectric,123
wang-rui-en,288164
BlackCloak,145352
shijianju,94832
xing-qiu-yan-jiu-suo,26902
zhou-ying-jie-26,677
su-ze-xuan-79,2819
gorden-14,250
timexplore,2767
yangzixu,15987
xu-hao-73-81,1055
rachelyea,3374
pcnbs,8995
cha-hua-hui-4,957
jing-yu-34-5-65,1157
long-tian-tian,1909
miao-jiang-3,33092
hydfox,99805
ye-shou-sheng-huo,21677
yuansu-27-1,21530
song-zhu-shi-74,13399
du-lei-si-26-55,125953
james-52-54,120967
chen-shu-87-68,509
zang-yu-lei-84,25927
chu-le-75,109807
johnnylee-58,1414
Yefeng7,19705
mo-mo-91-32-4,172
li-ming-92-79,700
leo-51-46-54,3044
you-yan-she-47,134325
wang-yi-kan-ke,105716
reseted1500548360,8899
daheiyu,44095
samsoltin,5263
kai-zi-56,30428
da-wang-jiao-wo-lai-xun-shan-88-21,420
duan-huo-gen-75,8104
liu-xiao-jun-55,8257
-liudazhuang,101101
yu-zai-pan-zi-li-xiang-jia,505
zhong-guo-ke-pu-bo-lan,319307
zombiewriter,50330
zhou-liang-17-83,7135
xi-qin-gu-niang,27825
bai-pang-zhe-75,599
ma-xiao-12-49,1695
cheng-cheng-65-8,69984
zhou-xiao-shuo-76,1382
langlang0614,106635
jugglian,1059
xupenghuan,59200
chexiaopang,98384
lao-ba-ping-ce,155861
d-zhi-hu-1024,9650
med66,97
wenxin-kang,246
keith_glzy,1471
ling-han-56,7344
zhu-shao-bin-22,372
haibaraemily,49301
chao-ren-bu-hui-fei-5-34,3109
aplus0914,589
zhang-yi-99-58-65,4947
li-yan-lin-22-95,116384
lily-95-40,11148
liu-da-bao-77-11,15674
bi-li-bi-li-71-5,291395
jiandaonihengaoxing,93743
tikitoo,131069
wang-san-san-bian-ji-shi,40368
guo-guo-svenja,29862
elainliu,26
kong-ji-15,415
jerryjazzy,1790
zhen-yuan-chen-22,234
bo-hai-tang-zhu-ren,35107
sunxiaodi82,1423
zhangyuhan1989,29022
wan-jin-you-39,201129
jujiaying,64
xiang-zi-68-58,227
qiushi-16,111117
jinlongyi,580
li-li-39-14-31,939
tangxiaoman,11085
yang-ze-yong-3,42866
hann-leu,4622
ka-li-ji,122019
wan-xiong-a-xiong,137514
xun-zhao-bei-de-lang-81,524
gao-zi-yu-38,20578
lovelydoctor,143228
natsume_haruta,299
du-bian-yang-83,5259
zuo-mao-bu-zuo-yao,2857
SemitLee,153120
guo-zi-501,524074
sgai,247972
zi-liang-50,2468
elleninterpreter,624
blessedgirl,316
dingge,24483
yan-niang-10,6410
yang-yang-yang-8-34-83,19
licole,1152
xue-shang-chen,355
cui-ling-yu,667
bu-wu-zheng-ye-de-wai-ke-yi-sheng,56676
chen-ke-55-65,81605
usmlechina,5174
feifan-ng,10
meng-mi-4-40,2417
xiao-he-7-98,183
li-si-yuan-93,4328
qi-wan-88-18,10080
yu-qing-ping-76,2444
yin-rui-xi-90,3077
bu-qu-ming-92,6
gaoyongqiang,76210
Travelwonderland,11059
zhang-chang-supersing-53,14576
tang-yi-24-2,20514
yaoshun-sven,69986
yuan-meng-84-97,223
Evan.Yang,1906
tongzhe,68724
miro02138,129180
xia-mu-mu-29,239
gaochangchang,2669
juanzijiang,507
ren-su-san,18202
fan-xi-han-yu-8,217
an-qi-you-e-le,72901
nicreal,159
huang-yi-han-73-5,36605
luo-sheng-men-35,18
doublewen-3,41
wu-jian-hao-26,1741
li-long-44-34,291
olditor,52814
alice-xi,145364
feng-qiao-zhu,4446
wei-ru-xing-de-xiao-tong-xie,227
jian-jia-15-38,61
xiong-wei-qian-19,1880
rabelaisxp,170
dhchen,79975
wu-yun-dian-dang-ji,78
chen-song-8-68,1588
hua-er-jie-can-kao,9035
echo-sai,11515
wang-da-gui-17-56,3525
gao-lu-13-78,420
NanjingWQC,29251
hu-lei-meng-de,9
shuiyanyuke,164
simon_xi,1448
su-ge-la-shen-yuan,297
