ccat,411112
morgancheng,56655
aton,193892
an-sen-yao-49,94360
youtien,4725
bi-li-bi-li-71-5,290846
fang-zheng-3-34,23747
teng-xun-70,66467
ren-he-74-61,10369
zhou43,6893
xiao-mi-gong-si-10,10985
fmguanpeng,2351
AnonymousLive,67965
hua-mi-ke-ji,3612
amonjok,295856
pi-gai-wang,91
fen-nu-de-xiang-jiao-82,14343
touyanbang,44953
starkwei,7427
thzt,2946
skywind3000,49673
gui-yao-qiong-qi,62
zh_xiao,275
xicilion,5608
dong-rui-24,481
xu-zhen-23-31,11332
yun-hong-9,6327
li-guo-xin,438
lichunping,217
rank,7502
lifesinger,35586
zuming,3445
xianchan,1225
luochaotmt,29856
fisher-23,17179
ruan-hui-hui,15
chen-xiang-74-35-2,4882
haibaraemily,49162
wei-chun-liang,1323
atjason,329
wang-bin-1-53,8020
tian-yi-spacety,5299
chengangcs,4302
chongmu,5422
wang-jin-kang-22,4329
li-lei-up,205761
jiehou1993,36836
du-ku-36,9305
long-ya-57-84,236829
ones_piece,1565
spto,141465
interimm,3446
emptymalei,12804
yuewenjituan,207
hao-jing-fang-1984,8697
mrfoxlr,96300
metnews,6718
li-yan-ran,7715
wei-lai-shi-wu-guan-li-ju,25616
pi-bo-shi-tai-kong-jing-niang,153782
justjavac.com,32087
mileijun,242236
daping-liu,284
liang-zi-wei-48,52106
meng-ge-2-58,144385
liulangdehama,87143
die_Luft,4264
luo-da-you-41-37,38580
panghocheung,6410
song-shu-hui-sheldon,14768
cheng-song-25,35296
chen-bin-99-5-4,231579
xuebamao,92591
chenran,155367
ClarkJiayangYang,8356
zhishixingqiu,96
chen-xing-yi,27493
cheng-yi-zhi-44,27065
lai-xu-cang-zhen,47635
rebornix,4677
justmorning,4068
ChauGienWen,27711
_franky,885
sailing8036,255
chen-xue-liang,968
zhang-chun-34,102712
ke-xue-mao-tou-ying-60,30658
zuowj,678
imike,845440
landowph,1837
summer-clover,86709
fuwocheng,166449
liangbianyao,679795
li-ao-wen,91079
commando,386645
wuye9036,47889
tchen,21080
xiang-yu-14-22,3
TuringDon,163216
wu-ming-3-68,171183
mingcheng,1507
astroyao,746
chexiaopang,97571
li-yin-cheng-24,4840
yangdiyadid,58429
cris91,5223
KQZL,36184
spellyu,14390
wang-ni-ma-94,645943
sharpmaster,33858
jiyinyiyong,6517
fredriklo,11421
zhe-jie-bai-du-gong-guan,7370
jiayangqing,59812
tan-zheng-ying,64692
jacky-yang-30,21890
du-ke,11301
sijiazhao,127372
inhiu,5336
stone-huang-60,2663
taoojp,100413
tang-que,341820
2gua,9868
theoffline,7971
magicleapfans,592
shi-fu-ren-89,753
plumestreet,94854
sansanl,126928
nan-qu-xiong-mao,69336
cai-tong,654344
lzy135,171870
hesenbao,331539
otakustay,5997
hifitam,2926
li-lao-shu,344416
jack-jia-70,1450
marila,39020
zcbenz,4788
zhang-teng-6-30,286
tomasen,6464
yolfilm,799974
li-yu-bei,1777
66rpg,3363
raycube,640
ming-wei,48572
Chaoschiao,7709
zhang-xiao-bei,731345
e-miao-de-nai-ba,449735
qin-lang-72,5163
nuclearcarrot,45205
andiely921,61553
vinjn,19245
baibochun,3078
li-a-ling,15405
ShikiSuen,8575
husong,420
cheka,52988
metrodatateam,130478
chenqin,510832
wqcdtc,50817
ivanyang-36-58,13165
Vincen.t,65072
tian-yuan-dong,83337
li-xiao-63-34,251
ma-bo-yong,701786
evan-dong,3698
santiago,24496
zhang-jia-wei,1845580
rednaxelafx,122785
siva,35928
a-ka-lin,3054
yyss2037,40522
ovilia,12831
winter-25,112481
achow,9717
johnny-wu-001,4434
yuanyan,4405
david-rand,231508
loongX,3718
Digidea,87572
m-ling-jun,52
zhang-san-81-4,22534
suosi,37488
zhao-zhi-xin-70,7830
justineo,129280
elya,146355
miloyip,187510
velorum,32
chowfun,370
qu-ya-tong,45
stein.cun,11901
cj723,8912
juliushui,54576
evanyou,87777
ysbl,11432
he-shi-jun,46563
hongqn,5549
Mkucu7k4B5lxUeu9ZJBN,2629
deng-hong-qi,40
jser.me,2165
qing-xia-41,35
xie-meng-meng-44,762
yan-qing-34,3876
bian,51502
cydu,1108
lu-jun,67
fenng,338205
jiaoshoutv,281081
bubu,359
zhou-zhi-hua,19
zhang-jian,51
sonic,78
lin-ying,9350
benjamin,196066
unavailable_name,487
tian,61256
robbin,40718
baiya,168306
jixin,861205
zhouyuan,928622
xu-zhao-jun,28119
wangxing,66814
yangbo,131395
kaifulee,1062043
keso,330068
