shuo-er-bu-er-19,36279
xi-yang-86-73,8071
chen-dian-13-91,29812
zhou-bo-lei,42629
ujoe,494
lonelyeel,78106
li-shi-87-4,95278
mei-tu-shu-ju-ji-zhu-tuan-dui,40
mei-tu-ji-shu-tuan-dui,839
xuxing,43819
wangke,2594
shu-ju-bing-shan,20547
fan-ruan-96,17255
jeeplife-80,4184
loujunshi,13519
sang-wen-feng,11513
he-ming-ke,302796
feng-xi-fan-90,16060
zhang-jun-87-61,10185
qin.chao,157840
jerryhetalk,17196
an-zhi-ting,3660
mei-tuan-dian-ping-ji-shu-tuan-dui,29421
ruanzhengzhi,423
tassandar,40878
bigbread,21402
chenran,155412
xin_zou,84026
mli65,52680
shaoyibei,13498
tong-chi-bo-62,65296
shudu,6715
seasee-youl,432335
linkeddestiny,3636
ze.ran,316175
kennethtse,45193
rednaxelafx,122812
sagacity,37444
lai-te,11059
yao-jing-he-zhu,1
jixin,861707
yolfilm,800071
cao-zheng,202440
rene-zhu,798
xu-zhu-qiu-69,29791
zhouyuan,929361
cherry924,29305
Jazzlover,80963
sharkui,25611
tony.wong.hk,95710
amoyqun,8923
tian,61255
xiaodaoren,397011
magie,580325
kaifulee,1062161
