xiao-fei-xiong-38,253
caesarchan,7487
kens,729
zui-feng-lin-yu,1035
williamlong,23973
aaronli-yu-er,89863
yang-tao-44-35,3359
wang-yi-shu-du,23968
chenqin,511547
stgregory,12651
yu-er-huo-87,11
catchen,247500
you-xi-shi-guang-vgtime-57,47344
miloyip,187897
icodesign,812
yongxinge,9811
li-jian-qiu,109895
qqbunny,1
hao-hao-22-52,1336
robbin,40761
nullgate,1663
zengjiaplus,396152
wu-yong-xiang-32-14,5299
geng-rui-61,2193
zhang-zhi-cheng-99,944
yuan-lin-39-95,1943
yunshu,133301
liu-yiming-39,1693
zackxjxc,66579
lian-chen-xiao,92849
easonsun,68524
yuan-bing-tao,109752
ihappybear,79144
da-chang-gan-jun,81264
xiepanda,466731
iAladdin,75495
lostin,82230
jin-cheng-qi,85987
rilakkimura,160014
fuwocheng,166623
lovefcb,89274
gao-ke-69,597323
shijia,61264
chen-zhen-yue,59953
charles-liu-50,126567
nauqiz,42727
miao-li-42,169828
wang-duan-duan,161338
CaptainK2,22177
gejinyuban,667379
guzhongyi,36673
chengangcs,4308
zhengqiang,1180
li-lei-up,205914
mindstore,3967
zhihuadmin,159535
sean-yenan,318914
ji-xu-zhe-zhang,116372
doublex-88,188
nogirlnotalk,146314
zackEDU,43294
jiu-yi-jiu-yi,2168
wang-jun-57-39-88,7
olditor,52814
hey-you,48758
lantingyi,638
wuweilxl,52478
excited-vczh,767079
winter-25,112506
ho-ec-44,78984
ze.ran,316350
gracker,3524
li-ao-wen,91099
jjmoe,116473
sizhuren,739200
houjoe,5168
leocc,14522
huangxisheng,21280
zhang-jia-wei,1847355
jeffz,149044
