Halo_zoom,26385
tian-ye-28-59,2724
shi-jing-11-84,23312
ma-zhuang-shi-0831,51486
woshilaobao,7
ding-li-6,27781
yaketisi,187813
liu-yu-shan-6,4519
chen-pei-si-13,92101
wang-lao-yu-88,3750
chibaole,371391
kai-chang-46,53978
fuzhou,23234
quanlarry,3382
fu-fu-43-66,1592
yu-tai-si-yin,1424
sansanl,126807
tan-zheng-ying,64626
zhang-hong-yi-51,6273
xie-jun-xin-07,9722
lu-shuang-lang,4433
pi-bo-shi-tai-kong-jing-niang,153668
holagala,17805
mo-da-da-95,930
cloudycity,110333
ke-sha-98,7309
cheng-cheng-65-8,69533
li-jian-qiu,109492
ma-tuo-82,134575
thomaskksj,62196
lu-shi-han,32121
longchen2017,4572
taoojp,100381
zhouzhao,174498
xingcai,237
thekingsley,557
ceng-xiang-46-12,2878
42zhang-jing-33,1627
xu-huai-ku,20526
kingston-chang,7926
