yu-shou-xi-shang-shu,1883
xie-xue-wang-zhao,1063
Hulk-alan,2938
hua-wei-shou-ji,20082
hua-wei-62-16,7481
appso,38952
qing-she-xian-sheng,10281
kan-li-xiang,3539
ai-fou-ke-ji,14108
windleavez,185649
ChenZhangyu,590890
he-tao-62-44,55639
zhangleo,173769
xiao-biao-mei-48,41125
tuo-luo-dian-jing,7155
wei-song-chao-25,17628
yykplbuff,2481
huo-ran-53-70,6759
lc1vre5,2533
feng-zhe-54-69,29775
san-chong-bu-tong-de-hong-se,52654
ginojie,76231
yi-zong-10-89,2672
epicastle,16173
pomuweihuo,9506
deng-jia-wan,8724
mulianghai,26565
olditor,52815
teng-xun-ke-ji,162402
yu-jun,59624
qing-jiao-wo-bu-yiding,70068
tui-yin-jiang-hu-de-gao-ren,1987
liu-jing-yu-66-13,23649
yao-yao-xian-sen,22825
yeluoguzhou,50666
heretic,92824
taoojp,100439
zxuefei,33042
da-lian-cheng-zai-xiao-xiong,34486
hua-xiao-52,13508
20150214,152
zhang-wei-wei-51-53,13552
douzishushu,359390
chai-bu-duo-xiao-jie-45-73,1145
zhongyu666,111015
qing-qiu-wu,9410
papijiang,27043
huolaoye,202201
bilibililao-si-ji,31943
fengtang1971,8462
foxshuo,3967
negar-kordi,321669
yin-jiao-shou-32,343969
datoupy,3500
beimingke,24801
thezxz,18822
tao-shi-wu,26109
gu-che-dan,258677
wang-bing-qing-46,527
zecy,57805
