fouber,26767
po-ling,18529
fredriklo,11423
ysbl,11436
a-li-ji-zhu,18193
morgancheng,56751
chenlong7890,8669
neotype,57000
jayli,3031
wonderful611,14409
justjavac.com,32099
mileijun,242308
cao-jiali,4116
he-shi-jun,46571
segmentfault,3943
hong-se-xun-jue,4
evanyou,87815
excited-vczh,766765
deerchao,378
zhang-xiao-yu-90-1-44,71
w3cplus,17604
luolonghao,1221
aztack,253
liaoxuefeng,80848
bo-cai-28-7,435210
shui-fan-30,16
hu-zi-da-ha,5850
igaojin,10400
xie-jun-feng-3,335
justineo,129295
luoyou,7964
dong-ji-zai-hang-zhou,600044
tian-qi-67-5,4260
zhang-yu-48-38,5776
young-cheng,3003
wan-wan-huai-jin,115
gao-xiang-90,413
zhang-qiu-yi-27,22645
jin-xu-liang,79367
lachel,127456
chen-qiao-qiao-44,97
zhu-fei-93,128
yang-si-meng-49,5964
li-xu-ran-94,150028
fang-qing-yao,192
he-yao-14,87
gauchewood,35085
yan_xiaochuan,47200
haozeng,3090
jiang-meng-qi-59,19035
feifeimao,501180
