YJango,29802
suhrawardi,1588
jiwei-zheng,1835
zhizhiwuwuminiz,58136
bbb-aaa-28-98,11961
zhang-lin-zhou,1936
francoisz,16669
arthur-fu-24,1141
huang-zu-dian-zi-jing-ji-ju-le-bu,51385
madwiki,7984
zhang_guo,8957
ke-li-si-di-an-3,36
da-li-18-92,4319
chen-xiao-qing-2016,24935
sichagao,74016
maweilive,400
zhou-ruo-yu-99-95,284247
mihuamama,48470
mingxin-zhang,110
ma-yi-79-66,12
xuyiqing,5551
mario-super-34,21995
hu-jiao-38-88,4346
li-zi-34-58,266
cxpm,9737
xueheng-li,2016
william.zhou,2112
wang-yi-liao-bu-qi-de-zhong-guo-zhi-zao-,67468
thuquant,37764
haibaraemily,49186
wangji-01,45452
langlang0614,106577
yanjiang8,289
allen-sea,8985
jindongwang,19768
wang-ding-ding-26-31,12804
ywu1205,1824
yang-qi-fan-3,1646
simonluo,10099
qing-feng-33-94-49,20282
wq123,8513
HaibaraA1,241
bigbigpan,16521
xuxiaofeng1993,84690
reinhardtjin,48459
gui-ling-chang,41901
ping-guo-shu-26,8969
fuwocheng,166475
haotoufa,16402
muyushuixin,32918
dou-wei-52-22,122216
gg-hy-45,43925
zhang-zhu-12,13725
liuwanxiang,9358
Zznightmoon,621
wen-dao-67-29,5992
macro-kuo,24536
feng-shuo-3,43235
ke-xue-shi-jie-za-zhi,70133
zhou-yi-chen-81,159
