Polska,6432
bo-li-ling-meng-44,2130
diao-chan-94-47,123
qian-quan-yun-jian,5142
sevenpoints-3,72
xyk-dr,164
dai-duo-dxiao-guang-d,465
xinshiyu,974
rinniwa,1112
xiaofan2,64
wo-jiu-kan-kan-55-97,841
Kristall-Wang,2574
lao-shu-jun,687
issam13,538
jiang-xiao-qi-60,3364
lin-xu-yang-88-83,154
huang-zi-hao-47-18,349
liu-kan-shan-78,49343
liang-gong-chun-ri-7,4058
wang-zhong-lin-26-30,1001
GreenFinch,194090
dong-fang-ming-yi-51-98,390
che-you-hua-dun,976
baikebudaquan,21028
FireWolf,29659
wang-lin-83-53,111872
xu-huai-ku,20548
BeerHall,9299
lu-de-69-93,5238
zhang-san-88-60,4008
SakuraFuko,16720
lu-ren-wei-mou,346
mo-xiao-xiang-60,275
cao-zhe-51,24956
yu-run-ze-68,614
tang-que,341773
GharaNacht,10323
cao-zhi-chen-86,23276
Leader-Tumen-jan,9002
akira-akimoto-55,31699
ao-yi-hen-shuang,31546
616-16,1200
jia-he-guo-de-jing-ji-cheng,422
liu-rui-qi-11-51,2065
freemanzone,6799
ni-lu-40,1073
zhu-zhao-qi-33,7205
qin-wen-zhe-2,1598
JoJo-WangQi,32401
tatafh,506
chai-dao-da-ming-shen,756
mo-xiang-79-68,321
mo-xiao-xiang-24,84
