li-ke-14-21,946
wang-wei-yi-42-49,16
joyneop,6706
cao-zhi-chen-86,23292
xiao-hua-xi-dian-hua-jia-duo-ji,180
neopeking1943,36063
cao-dan-51,600
shenhai1895,8004
a-hui-19-47,2353
wagela,1171
juan-er-49-31,20553
wen-qing-1968,2416
joe-lee-14,103
cyclotomic,3017
jiang-shan-24-11,1241
zhong-jun-ai-guo-hong-cheng-chou-8,1100
zhao-ming-rui-4-45,83
bie-xi-bu-22,99
xiong-zhao-ying,1471
zhijiangchuan,7527
gu-zhi-15-32-61,619
mercurych,826
ke-lai-si-le-er-hao-ji,255
shen-peng-38,74978
undefined-29-48,391
guo-chu-ying-44,21
chen-shi-tan-yin,451
Leader-Tumen-jan,9026
ruo-yu-28-69,1882
xie-zheng-51-12,2660
felix-93-24,330
jia-bu-lin-2000,237
aurora-69-92,68
andes-65,293
zhang-qi-90-94-84,224
fang-zi-chun-86,1335
yang-yu-cheng-24-47,3743
kong-bai-oppo,5070
yang-xue-ying-sharonyang,95
wu-ze-yu-82,1040
