666012,12
liang-zi-wei-48,52405
wnsouba,20982
fang-dao-hang-35,7113
sid-sara,36
yi-tiao-89,69325
wwlxl,27117
xin-jing-bao-bo-yang-cong,15754
luobotv,6835
mei-shi-zuo-jia-wang-gang,216658
huo-hua-de-41,39781
pingcejun,93429
nanxiaopeng,48854
zhuanli-panda,1398
da-pu-qiao-cheng-xu-yuan,4198
cici-xiang,1480
tian-xin-yao-gun-sha-la-64,24681
Fdyo2015,4927
yan-an-lan-67,4
liu-zhao-luo-sai-hu-de-xiao-huo,197
Karlh,1
chenxy667788,43946
steven-shi-29,5
you-diao-app,275931
hereistokyo,29208
shao-shu-pai-46,133342
tao-fen-da-shu,44774
zhao-xiao-hui-63-31-39,19572
guahu,18507
chang-sun-gang,3307
jieducm,55026
childream,123
jing-lue-ji-zhi,29964
ji-da-fa-37,174154
de-ai-42,740
xbobxoxb,1
luckystar,140765
zeng-kai-87,338427
ceng-bo-66-96,151
bai-ru-bing-58,141108
MarbuLi,38216
gongzidabai,41515
botao-hu,7227
commando,386867
Merlin-1908,4173
huchedashifu,42894
lu-qiu-yu-79-95,3337
wangrio,72656
lty1993,6392
tian-ji-shun,708503
ka-li-ji,122027
andiely921,61545
luxenius,152211
chen-yu-lan-25,93333
miao-li-42,169827
liang-ying-cong,32737
huang-xian-18,72974
jing-22,38880
chu-yang-51-32,212279
ding-ruo-shui,130997
li-xin-92-29,26023
bai-hua-juan,12803
fenng,338416
winter-25,112506
martin-bi,137678
jilingbhl,123841
daqihupi,10284
nordenbox,350359
wangyizhi,143099
guanyadi,275896
magasa,488066
zhang-xiao-bei,731765
yolfilm,800197
yin-jiao-shou-32,343999
zecy,57886
nbht,16540
sky_shadow,53240
liu-shui-6,46242
gao-ke-69,597336
Wejoice,56755
