nuo-nuo-jiang-58-29,267
grapeot,29789
xuan-xuan-97-43,3867
yuqing-xi,3881
bai-shan-ge,10798
xuan-cai-77,19053
qiong-you-jin-nang,349297
estrella-13,38
haitaodi,23265
soulframe1985,29789
ren-xing-she-ji-shi,15257
alice-xi,145293
hiloa,24024
felania-liu,102127
zhushi_j,58978
cai-tong,654352
lianghai,249631
ding-ruo-shui,130992
kan-ou-li,153882
zhouyuan,929672
user_935,1091
nilCat,82627
david-dong-60,2205
shi-yin-12-40,8
lemm,533
angray,75
zhang-hao-88-9,69
niwentian,4582
han-dong-ran,109963
shi-yidian-ban-98,100636
fanquanquan,312652
