shuanghe,5
fleurer,3237
zhuang-qi-zhe,556
unstable-element,5450
basicthinker,365
wang-yi-yun-54-1,5553
ma-bo-yong,701637
lu-yun-fei-45,803
nan-chen-xiao,809
xiao-zhu-zi-23-39,1952
yi-qiu-oneball,9818
deng-bo-yun,74196
tao-fen-da-shu,44738
tinafire,7131
dong-nan-pian-bei,17680
gui-gu-mi-tan,46476
he-hua-53-3,20898
lzy135,171820
xu-lao-shi-23-19,1380
douzishushu,358686
haruharu-99,1674
xu-yang-chun-42,21332
100offer,29420
trac-indr,4001
xubinlvshi,182242
hao-ze-yin-shi,59767
hermann-86-40,4883
chen-li-shuo-88,7071
wei-zhuan-jia-30,15449
ji-feng-fei-ying,83320
lonelyeel,77891
hzsfl,7683
chenxy667788,43835
xuanjing,38311
zhan-jian-yu,1633
qiancai_saidong,62217
cristina.jiang,63469
zhe-ye-43-74-88,43550
izy1527,20584
yun-dan-tian-chang-75,4109
