deeptech-shen-ke-ji,51823
thinlong,61110
zhu-xuan-86,740788
MrBurning,147207
rou-wang-wan,140715
linshuo,26472
gao-ke-69,597170
li-ya-wei-8,29905
chenbailing,597386
zengjiaplus,395969
xu-en-dong,24409
run-zhi-gu-niang,1
wang-yi-mei-xue-36,85059
si-bei-91,3006
shuimubadao,1121
dian-qian-du-dian-jian-10,12540
wan-jia-sheng-huo,2270
zhu-suo-yu,5832
chai-sang-80,36788
zhang-wen-liang-36-76,11024
quan-min-gu-shi-ji-hua-67,78487
song-jia-xiao-wei,1
wang-shi-sui-feng-6-81,13
zhang-mao-lin-64-87,686
zhang-jia-wei,1846442
ma-tuo-82,134720
li-yin-he-25,186101
ding-xiang-yuan-3,53504
chen-yan-96-45,2413
ao-ti-mo,13231
hou-ge-51-95,13433
zhen-shi-gu-shi-ji-hua,526643
ding-xiang-yi-sheng,1505081
zhong-guo-ke-pu-bo-lan,318791
xu-li-yuan-47-80,1
zhang-jun-31-97,12216
appreciationME,38
yolfilm,800086
shang-guan-xiao-mo,27832
h8liu,11208
