chen-qi-fan-2-61,10
owaski,69
shen-ming-shu-jian,3
ACMonsterQiao,5240
ye-peng-233,15
yuiiln,52
flaze_,160
stilwell-46,429
FactorialN,116
yang-mao-long,166
XLightGod,95
youngwarlock,34
yang-jia-xiu-51,2
wang-yi-han-19-86,30
wang-xi-ping-57,19
xinlyu,430
ocean-shen,473
xiao-meng-8-66-8,1
yuan-wei-qiang-44,19
immortalco,589
xi-gua-64-60,93
qing-yu-qi-8,1
lfw-23,23
pan-wei-ci,157
chenyewu,11060
zhang-shi-yi-12,395
Lixtickle,55
cyan-84,8212
chen-zhong-rui,477
root-luo,37
YueYueZha,26
ji-ru-yi-3,4130
chen-li-jie-75,30548
cao-zhou-kai-82,43
wang-meng-di-49,667
yeguanghao,508
wu-jin-zhao-72,348
dwjshift,181
jiaqiyang,338
jcvb,1881
