donye,87116
netwarm007,8177
charles-wang-2012,122051
mo-jiang-97,184
zhang-hong-tao-22,755
zhichaosun,11850
katezeng,31733
ryan-huai,3707
hellohehuan,141
gou-gou-89-32,4707
wan-jin-you-39,200740
liveedu,73
song-rui-feng,1346
yeka,128557
divinites,169748
liu-mei-gong,1024
soulframe1985,29766
li-zhe-5-32,822
ma-jia-hui-10,38858
zheng-cara,1242
yujz,10145
x.xll,14665
wang-miao-yi-96,1402
mrsatan666,3832
chen-pei-si-13,92120
mu-jiang-xiao-qiang,113195
zsydeepsky,1804
shan-guo-you-xi,33839
imike,845416
dashhuang,92389
tomasen,6464
richard-45-75,65710
renzeyu,5344
rucaz,35349
li-yin-he-25,182464
lao-bing-yin-ji-xian,172319
douzishushu,358813
tang-xiaozha,24090
xie-mo-zhe,6421
laofei,2051
li-ji-ren,13474
zhou-zuo,41618
chu-le-75,109619
ume-game,21
zhengjintiao,70658
opjx,44190
aton,193854
wencece,7033
mymengya,31970
madaye,31086
zhang-xin-49-20,22240
yetingjun,32800
Wong-Y,42525
OwlofMinerva,100712
liu-xiang-yu-66-81,67603
cherry_catfish,37350
feng-han,208894
chen-zhuo-49,60751
zhang-ming-yun-88,21541
liu-wei-ran-8-34,17365
huang-jing-cheng,5683
jin-mo-gu-94,8433
meng-ge-2-58,144366
xuxiaoteng,117919
he-jing-92-23,94998
luckystar,140755
zhang-wei-zhong,56623
miloyip,187447
skywind3000,49664
Orzhui,64302
li-yi-sheng-90-17,5292
shao-lin-sao-di-seng-74,3943
en-he-19-40,18244
angelkid,5852
yi-lan-80-48,182
chenyan540689,1558
lu-xi-xi-55,132730
hardcoregame,1273
chenqiangpan,5044
ming-yun-sniper,5710
