poppykitchen,6852
peter-tam-56,8347
endless-qing-ning,310
fangjunxiang,3374
naturland,98
lian-rong-rong,88
kellyweaver,71398
xie-ting-yu-73,29261
navisli,41129
chi-he-shi-yan-shi,34596
ka-fei-sha-long,1015
you-ke-wang,3629
san-jiang-chu-fang,11095
iris.pan,30294
hu-chu-chu,76905
lu-xiao-bei-25,31790
milijia,6
mei-ri-ren-wu,104837
jin-tian-bu-chuan-qiu-ku,4533
huo-hua-de-41,39595
ou-ru-lan-29,6
lcg100,535
sooga,39
hu-san-san,8
hu-mao-mao-48,7941
da-li-68-80,506
you-zhu-wang-56,4298
jiananlee,2311
chen-yang-77-34-73,2533
run-yan-xi,243
su-su-su-48,2791
kxqn,832
zhi-shi-fen-zi-68-1,56992
ku-jia-le,355
thomas-talhelm,35113
ling-hu-xiao-qiang-74,20755
lin-y,8116
he-jian-ping-57,4552
csmsxfd,8212
shang-hai-cha-ye-jiao-yi-zhong-xin,2718
ming-wei-shuo,156707
chen-yi-kun-16,360
fengid,9019
cristina.jiang,63465
yue-ya-yi-sheng-72,83
zhang-qi-ling-24-95,29841
wang-le-1993,18078
zuieniang,46526
cedric-shen,15821
wang-ding-ding-26-31,12812
myhomeming-he-ji-li,33
wen-yi-fei-31,168526
pingcejun,93275
pu-tao-ma-ma-yu-er-shou-ji,1500
ka-fei-jiao-shi,4259
xiepanda,465402
www.food580.com,315
ryekee,2799
dzsw,184
BillyHe,14775
