da-shi-de-cai-83,36193
lele-88-98,36460
yican-fan,4396
chen-pei-si-13,92149
cao-magic-5,334
deeptech-shen-ke-ji,51771
li-yin-fei-55,20579
ESpeller,107263
bo-cai-28-7,435171
jin-ri-tou-tiao-ji-zhu-tuan-dui,5203
xia-chu-fang,531442
mei-shi-gan-yan-jiu-yuan-51,88738
bjrara,43
jiafeimao,84024
xiao-du-che,15435
ding-xiang-yi-sheng,1503998
alice-xi,145219
hannahzhu,678
sansanl,126978
hong-shun-kai,953
TigerQie,29245
mei-tuan-dian-ping-ji-shu-tuan-dui,29408
huang-dong-xu,6371
hu-yue-feng-18,1954
he-wei-35-30,12486
li-yan-lin-22-95,116359
cai-qian-hua-56,84619
zhang-jia-wei,1845931
cenalulu,446
elim-yu,1136
vv-ren,9642
fang-yun-11-63,23189
billypeng,114
wan-cuisine,25333
gashero,42430
emily-lou,44835
as-you-like-it,1856
jjuan,48868
yunshu,133252
baryeah,10679
canniu,151713
magie,580316
voguelook,29205
YSGG,132979
zengjiaplus,395889
wangnuonuo,393862
feifeimao,501136
deng-yi-lun-88,370
bai-yuan-yuan-1022,51435
wang-yi-rui-57,283916
su-fei-17,421643
tiangexia,54543
zhu-xuan-86,740752
wangxiaofeng,319281
xiepanda,464189
mo-zhi-xian-sheng,39893
wilson-suen,77311
chibaole,371496
dbace,375
weixi,64
cao-zheng,202438
feng-guangpu,1134
sky000,460
garychen,1996
mysqlops,6037
