leng-xian-rou-32,159
cheng-zi-79-39,440
su-wen-87-46,3252
jiehou1993,36698
enoox,10
kellyweaver,71240
yao-yao-xiao-xian-nu-17,1702
dong-dong-71-63-43,231
hu-yuan-fang,3361
pfdlw,36133
joyce-14-87,2
yang-cheng-12-26,193
imajin,134943
kang-si-tan-ding-79-24,14359
zhong-ke-yuan-zhi-sheng,121196
san-qian-shi-jie-92,194
chalkit,14658
xie-bu-yu-41,8172
ding-xiang-yi-sheng,1499341
zhao-wei-81-40,66996
excited-vczh,766370
morgancheng,56571
yin-tian-qi-66,12390
an-qi-you-e-le,72740
LittleBallOfFur,170881
tang-jun-63-42,197
cai-lan-80-17,231309
zhang-quan-dan-7,57292
pang-bo-1-67,9543
zhaopianxiufu,5149
xia-chu-fang,531096
caozhi,35360
shi-yi-xu-60,37840
dajiuge,64372
guo-zi-501,523803
zeng-kai-87,338270
chen-bin-99-5-4,231510
liulangdehama,87111
zhu-ke-hao,154
wang-ni-ma-94,645931
