excited-vczh,766892
yang-jiao-feng-75-69,10767
abangtongxue,64120
ren-su-san,18200
xiao-wang-63-77,9556
yixing-qi-xian-sheng,29244
wang-wei-54-49-54,540
lei-zi-bao-63,4791
shaoyishine,181
zhi-liao-qing-nian-23-24,34000
liu-hao-ran-18-45,137069
zhouyuan,929741
talich,367540
cai-rui-qin-21,27525
jianghanchen,77451
dong-hua-xue-zhu-pa,33315
yue-han-zao,36576
applecentral,191
spencer-sun-09,4182
zhi-dong-xi-82,2837
hong-bi-zi-xiao-hei,2267
he-xiao-yi-90-95,17260
ningnanshan,122877
yuan-hao-6-89,3317
yuan-lan-feng-8,103335
tian-ji-shun,708119
nanmu-myn-521-511,873
ma-bo-yong,701969
iron-king,22011
xiong-mao-de-hei-bai-zhao,7810
fengzhiquxiang,182
tan-wei-wei-41-61,7860
yi-qing-feng-76,22
Taffy988,6942
wan-qian-75-21,75667
ke-ji-mei-ri-tui-song,21451
bing-dao-da-ge-lu-zi-ye,22
guo-zi-501,524029
laobaotech,408
36-ke,155915
siny-6,1328
yige-di-diao-de-xian-nu,943
zuo-dong-sheng-74,150
coolbrain,129992
xu-yuan-yuan-85-26,23
dingdong-57,1
allenzhang,73665
eva-64-25,10
ji-li-78-92,262
liao-yi-di-neng-er,114
zhang-lei-43-35,831
zhang-chang-67-55,2708
talkyue,1138
wellbr,34
pengyuchang,76437
yuxinlie,289439
nogirlnotalk,146302
susophi,6040
elcroquis-jian-zhu-su-miao,51047
qing-zhou-66-73,13492
zhihu_marketing,26285
baibaile,20055
bi-li-bi-li-71-5,291227
martinwangjun,996
ai-fou-ke-ji,14108
wang-luo-dan-7,92052
luochaotmt,29957
maozixiansheng,34061
torreszz,5669
chai-ping-4-61,4493
lens-27,284688
wang-xiao-92-91,6897
yang-xiao-83,6474
jesor,25106
edtall,260524
cacciatore-52,616
lu-xun-40,3524
liqiuli888,14556
ji-zhi-de-nana,15200
hellodoctor,49341
mi-tu-73,5722
panda912,21150
radow,1665
zhang-chi-yu-56,21083
mimeng-68,2052
hao-qi-xin-ri-bao,65798
yzzzeee,89
imike,846188
geekpark-16,50431
huang-xue-ying-50,2032
liang-hong-da-44,257464
daigemath,30962
jingfishh,163
xiao-xiao-xiao-xiao-xiao-xie-zi-a,27787
wan-xiong-a-xiong,137506
mileijun,242337
zhou-dong-yu-55-93,330699
zeng-kai-87,338411
qiu-xiao-ling-6,275
zealerlab,9834
da-mao-er-62,765
ai-fan-er-85,105150
knowyourself-1,795146
chen-lan-xiang-76,286002
appso,38952
wang-wei-62-88,51609
mu-rong-chen-xi,44161
gong-qing-tuan-zhong-yang-67,368956
xie-lin-nuo-62,119
wings007,2953
guanlong-xia,724
ying-shi-quan-za-zhi,191282
diamondda-zuan-shi,280
