lvchengsidai,1888
yang-shu-zhi-shan,1275
yi-xin-li-1,472
hesenbao,76523
wang-zhen-ning-83,331253
zhui-wu-gui-de-a-ji-mi-de,49046
li-yin-he-25,99
ji-rong-ge-14,182092
langquan,1
moonhoe-kim,11779
pa-si-di-tu,4984
xbjf,349
han-qing,120685
xiao-jiu-31-13,130550
tan-zheng-ying,22950
junlin_1980,64506
moooose,243193
e-fun,1400
liang-xing-yang,24495
mu-xiao-di-30-63,115286
jiu-tao-yin,1888
brian-liao,1298
meng-de-er,235
mineminemine,278578
yolfilm,4918
wo-de-peng-you-shi-ge-ai-b-56,799711
ku-rong-53-87,1644
chen-song-6-94,32381
su-zhi-jin,3
dotzhuang,34323
KINKINLAM,15387
landa-hans,17196
yang-xu-40-61,27940
heretic,12079
puyuping,92575
chenghan,9282
hu-jia-32-89,287562
qia-bi-34-37,10259
lu-shi-ya-62,2138
mileijun,30042
douzishushu,358343
wang-ni-ma-94,645988
jiaoshoutv,281098
tong-da-wei-92,54081
zhao-yu-xiang-96,50
zhao-chen-85-34,142
ma-bo-yong,701470
ding-zheng-yang,4
excited-vczh,766151
he-yu-51,26
yuyin,1955
tan-man-ru-28,165743
huma,30552
meng-zhuo-la-mu,2986
david-rand,231454
satanzhangdi,29305
leng-zhe,290503
rachel-dou,1
corndog,40483
hu-bai-ping,6259
jiang-ge-71-40,1063
liu-xi-fei,20819
guo-yong-tian-3,3
