wang-bu-fan-60,92
hu-guo-peng,6
li-xin-33-50,53
wayne-32-29,72
dong-fang-qin-99,1920
ye-si-tai-80,2682
xin-jing-bao-bo-yang-cong,15688
zhe-ye-10-9,1090
zenwagyu,45249
an-ran-40,6115
wan-qian-75-21,74455
qian-pin-ju,124931
xiao-bao-jun-72,1439
yu-kun-25-50,36392
ChenMoLRY,31881
wei-jia-fu-98,99318
he-jin-quan,138
wen-bo-59-28,399
wilhao,7857
taucet,17440
jiangxiaozhang,187927
da-yu-13,8799
anna-zhang-89,6233
hesenbao,331248
Joe891123,24269
nao-dong-gu-shi-ban,80941
li-bo-hai,7169
meng-ge-2-58,144281
pierrexjj,38417
wendy-wen-7,40724
yuan-ying-yi,3488
huang-liang-81-77,50264
wang-shao-an-94,125
li-dou-dou-19,19960
yin-zhen-yiduo,58355
ni-zhi-dao-wo-bu-zhi-dao-96,43857
li-zhao-hong-14,28120
wen9,169081
ying-tao-38-90,1557
zhihuadmin,158634
sai-en-56,22731
MagicDC,9421
wan-jia-52,1778
ji-le-18,134273
xuxiaoteng,117888
agoni-11,5424
BlackCloak,145267
Mumagag,131169
han-qing,130549
yaketisi,187443
wang-jia-jia-93-39,3095
wu-ze-yong,62695
tong-da-wei-92,54081
flatppt,13422
CloudandCC,3218
mishisi,195782
yangxiaoche,95809
shimizumint,75603
wuchangyexue,119477
maimu,158890
